model,accuracy,f1
LogisticRegression,0.8055358410220014,0.6040462427745664
DecisionTree,0.7913413768630234,0.5625
